,Player Name,Average,Matches
508,Asad Ali,371.9298245614035,57
670,Mohammad Tauqir*,296.2962962962963,54
275,K C Sangakkara,296.0526315789474,76
411,Nazmul Hossain,288.88888888888886,54
1,H M Amla,282.17821782178214,101
64,L R P L Taylor,280.6451612903226,93
14,R G Sharma,279.4117647058823,102
339,Shakib Al Hasan,278.40909090909093,88
80,K S Williamson,274.5098039215686,51
448,A B Dinda,269.64285714285717,56
